{
  "source_path": "assets/characters/white-man-01/skins/source_reference.png",
  "checkpoint": "/root/.cache/4DHumans/logs/train/multiruns/hmr2/0/checkpoints/epoch=35-step=1000000.ckpt",
  "box_xyxy": [
    1.0,
    4.2,
    157.0,
    358.0
  ],
  "camera_translation": [
    0.039081,
    0.233719,
    39.311356
  ],
  "vertex_count": 6890,
  "focal_length": 7011.71875,
  "smpl_params_rotmat": {
    "global_orient": [
      [
        [
          0.999823272228241,
          -0.0005636495188809931,
          0.018791858106851578
        ],
        [
          -0.00310727977193892,
          -0.9907580018043518,
          0.1356060951948166
        ],
        [
          0.018541747704148293,
          -0.13564051687717438,
          -0.990584671497345
        ]
      ]
    ],
    "body_pose": [
      [
        [
          0.9986327886581421,
          0.02691040188074112,
          -0.04481519013643265
        ],
        [
          -0.008234917186200619,
          0.9275951981544495,
          0.37349602580070496
        ],
        [
          0.05162128433585167,
          -0.37261632084846497,
          0.9265486001968384
        ]
      ],
      [
        [
          0.9985635876655579,
          -0.019295256584882736,
          0.049983251839876175
        ],
        [
          -0.00046280064270831645,
          0.9297600388526917,
          0.3681658208370209
        ],
        [
          -0.05357629433274269,
          -0.36766013503074646,
          0.9284155964851379
        ]
      ],
      [
        [
          0.9998096227645874,
          -0.015267187729477882,
          -0.01215366180986166
        ],
        [
          0.011156778782606125,
          0.9582027196884155,
          -0.28587260842323303
        ],
        [
          0.016010139137506485,
          0.2856825590133667,
          0.9581906199455261
        ]
      ],
      [
        [
          0.9969859719276428,
          -0.0003984593495260924,
          -0.07758183777332306
        ],
        [
          -0.04729106277227402,
          0.7896119356155396,
          -0.6117813587188721
        ],
        [
          0.06150330603122711,
          0.6136062741279602,
          0.7872132062911987
        ]
      ],
      [
        [
          0.9967679977416992,
          -0.026555845513939857,
          0.07581739872694016
        ],
        [
          0.0667182207107544,
          0.7993391752243042,
          -0.5971645712852478
        ],
        [
          -0.044745609164237976,
          0.600292980670929,
          0.7985274791717529
        ]
      ],
      [
        [
          0.9999951124191284,
          -0.0020971016492694616,
          0.002304075751453638
        ],
        [
          0.0018786853179335594,
          0.995847225189209,
          0.09102029353380203
        ],
        [
          -0.0024853863287717104,
          -0.09101552516222,
          0.9958462715148926
        ]
      ],
      [
        [
          0.9859755039215088,
          0.08675533533096313,
          0.14256888628005981
        ],
        [
          -0.09944736212491989,
          0.9914534091949463,
          0.08444178849458694
        ],
        [
          -0.13402462005615234,
          -0.09743563085794449,
          0.9861763715744019
        ]
      ],
      [
        [
          0.9832924604415894,
          -0.10973875969648361,
          -0.1452355533838272
        ],
        [
          0.12155226618051529,
          0.9897391200065613,
          0.07511032372713089
        ],
        [
          0.13550280034542084,
          -0.09150911867618561,
          0.9865419864654541
        ]
      ],
      [
        [
          0.9999967217445374,
          0.0016999054932966828,
          0.001896300120279193
        ],
        [
          -0.0017052061157301068,
          0.9999946355819702,
          0.0027948198840022087
        ],
        [
          -0.001891538966447115,
          -0.002798044355586171,
          0.9999942779541016
        ]
      ],
      [
        [
          0.9785254597663879,
          -0.20476344227790833,
          -0.02365974336862564
        ],
        [
          0.20594249665737152,
          0.9663538932800293,
          0.15410317480564117
        ],
        [
          -0.008691010065376759,
          -0.15566644072532654,
          0.9877713918685913
        ]
      ],
      [
        [
          0.9726231098175049,
          0.2295743077993393,
          0.03605455905199051
        ],
        [
          -0.2323695719242096,
          0.9627372026443481,
          0.13835230469703674
        ],
        [
          -0.0029489253647625446,
          -0.1429426372051239,
          0.9897265434265137
        ]
      ],
      [
        [
          0.9999815821647644,
          -0.0033427588641643524,
          -0.005077775567770004
        ],
        [
          0.005106351803988218,
          0.9151024222373962,
          0.4031890034675598
        ],
        [
          0.003298927331343293,
          -0.4032074511051178,
          0.9151026606559753
        ]
      ],
      [
        [
          0.8658257722854614,
          0.48680076003074646,
          -0.11563197523355484
        ],
        [
          -0.4864582419395447,
          0.8730769157409668,
          0.03309185430407524
        ],
        [
          0.11706475168466568,
          0.027598340064287186,
          0.9927407503128052
        ]
      ],
      [
        [
          0.8668181300163269,
          -0.48714083433151245,
          0.10639670491218567
        ],
        [
          0.48573610186576843,
          0.8731662631034851,
          0.040509942919015884
        ],
        [
          -0.11263606697320938,
          0.016565972939133644,
          0.9934982061386108
        ]
      ],
      [
        [
          0.9998587965965271,
          0.012922117486596107,
          -0.01073835976421833
        ],
        [
          -0.013676105998456478,
          0.9972094297409058,
          -0.07339175790548325
        ],
        [
          0.009760014712810516,
          0.07352826744318008,
          0.9972453713417053
        ]
      ],
      [
        [
          0.649610698223114,
          0.7154642343521118,
          -0.25713202357292175
        ],
        [
          -0.7470083236694336,
          0.6635560989379883,
          -0.04088904708623886
        ],
        [
          0.1413668841123581,
          0.2186417132616043,
          0.965510904788971
        ]
      ],
      [
        [
          0.6757318377494812,
          -0.6971163749694824,
          0.2396146059036255
        ],
        [
          0.7229427099227905,
          0.6902272701263428,
          -0.030660195276141167
        ],
        [
          -0.14401483535766602,
          0.1939457207918167,
          0.9703837633132935
        ]
      ],
      [
        [
          0.764947235584259,
          -0.22799600660800934,
          -0.6023898720741272
        ],
        [
          0.22976724803447723,
          0.9703143239021301,
          -0.07547930628061295
        ],
        [
          0.6017165184020996,
          -0.0806717798113823,
          0.7946252822875977
        ]
      ],
      [
        [
          0.8152287602424622,
          0.194410502910614,
          0.5455332398414612
        ],
        [
          -0.2144649773836136,
          0.9763458967208862,
          -0.027448106557130814
        ],
        [
          -0.5379654169082642,
          -0.09462132304906845,
          0.8376395106315613
        ]
      ],
      [
        [
          0.9972423911094666,
          -0.06543052941560745,
          -0.03501931205391884
        ],
        [
          0.06503083556890488,
          0.9978058338165283,
          -0.01243404671549797
        ],
        [
          0.03575603663921356,
          0.010122423991560936,
          0.9993093013763428
        ]
      ],
      [
        [
          0.9977150559425354,
          0.05966814607381821,
