{
  "source_path": "assets/characters/white-woman-01/skins/source_reference.png",
  "checkpoint": "/root/.cache/4DHumans/logs/train/multiruns/hmr2/0/checkpoints/epoch=35-step=1000000.ckpt",
  "box_xyxy": [
    0.0,
    0.0,
    240.0,
    799.0
  ],
  "camera_translation": [
    -0.188561,
    0.100228,
    36.627083
  ],
  "vertex_count": 6890,
  "focal_length": 15625.0,
  "smpl_params_rotmat": {
    "global_orient": [
      [
        [
          0.9999176263809204,
          -0.0008457237854599953,
          -0.012805837206542492
        ],
        [
          -0.0014718181919306517,
          -0.9987996220588684,
          -0.048961345106363297
        ],
        [
          -0.012749056331813335,
          0.04897616058588028,
          -0.9987186193466187
        ]
      ]
    ],
    "body_pose": [
      [
        [
          0.9932898879051208,
          0.1089315265417099,
          -0.03884712606668472
        ],
        [
          -0.10298539698123932,
          0.9859558343887329,
          0.1314724236726761
        ],
        [
          0.052623044699430466,
          -0.12658953666687012,
          0.9905583262443542
        ]
      ],
      [
        [
          0.9907926321029663,
          -0.11771345883607864,
          0.06688405573368073
        ],
        [
          0.10770023614168167,
          0.984630823135376,
          0.13748714327812195
        ],
        [
          -0.0820401981472969,
          -0.12901782989501953,
          0.9882427453994751
        ]
      ],
      [
        [
          0.9998892545700073,
          0.000549374963156879,
          -0.014873790554702282
        ],
        [
          -0.0036986852064728737,
          0.9771427512168884,
          -0.21255217492580414
        ],
        [
          0.014417043887078762,
          0.21258364617824554,
          0.9770365953445435
        ]
      ],
      [
        [
          0.9946443438529968,
          -0.036597661674022675,
          -0.09666082262992859
        ],
        [
          -0.002659179735928774,
          0.9258409738540649,
          -0.3779040575027466
        ],
        [
          0.10332293063402176,
          0.3761371374130249,
          0.9207851886749268
        ]
      ],
      [
        [
          0.9920311570167542,
          0.037444062530994415,
          0.12030058354139328
        ],
        [
          0.006275052670389414,
          0.938949465751648,
          -0.3439977467060089
        ],
        [
          -0.12583684921264648,
          0.34201133251190186,
          0.9312321543693542
        ]
      ],
      [
        [
          0.9999602437019348,
          -0.008912123739719391,
          0.00025974688469432294
        ],
        [
          0.00887745339423418,
          0.9979275465011597,
          0.06373148411512375
        ],
        [
          -0.0008271915721707046,
          -0.06372664868831635,
          0.997967004776001
        ]
      ],
      [
        [
          0.9812867045402527,
          0.04836995154619217,
          0.18637791275978088
        ],
        [
          -0.0451318733394146,
          0.9987478852272034,
          -0.021580206230282784
        ],
        [
          -0.18718838691711426,
          0.012764783576130867,
          0.9822410345077515
        ]
      ],
      [
        [
          0.9819024801254272,
          -0.049740418791770935,
          -0.18273848295211792
        ],
        [
          0.04181275889277458,
          0.9980201125144958,
          -0.04698460176587105
        ],
        [
          0.1847137212753296,
          0.03849349915981293,
          0.9820381999015808
        ]
      ],
      [
        [
          0.9999530911445618,
          -0.009331956505775452,
          -0.0025962914805859327
        ],
        [
          0.009333919733762741,
          0.9999561905860901,
          0.0007455672021023929
        ],
        [
          0.0025892199482768774,
          -0.0007697657565586269,
          0.9999963641166687
        ]
      ],
      [
        [
          0.9895615577697754,
          -0.12827889621257782,
          -0.06566870957612991
        ],
        [
          0.1342313438653946,
          0.9862781167030334,
          0.09611175209283829
        ],
        [
          0.05243850126862526,
          -0.10392330586910248,
          0.9932019710540771
        ]
      ],
      [
        [
          0.9901250600814819,
          0.12205178290605545,
          0.06896188855171204
        ],
        [
          -0.1287176012992859,
          0.9863888025283813,
          0.10231756418943405
        ],
        [
          -0.05553519353270531,
          -0.11018379032611847,
          0.9923585057258606
        ]
      ],
      [
        [
          0.9999865889549255,
          0.005177043378353119,
          8.736429299460724e-05
        ],
        [
          -0.00507575087249279,
          0.9768082499504089,
          0.214055597782135
        ],
        [
          0.0010228377068415284,
          -0.2140531837940216,
          0.9768214225769043
        ]
      ],
      [
        [
          0.8526554703712463,
          0.5222300887107849,
          -0.01595165580511093
        ],
        [
          -0.5224366188049316,
          0.8525611162185669,
          -0.014123492874205112
        ],
        [
          0.0062240492552518845,
          0.02037619985640049,
          0.9997730255126953
        ]
      ],
      [
        [
          0.8534093499183655,
          -0.5204545855522156,
          0.02862643636763096
        ],
        [
          0.5208393335342407,
          0.8536206483840942,
          -0.007627787999808788
        ],
        [
          -0.02046619914472103,
          0.021419398486614227,
          0.999561071395874
        ]
      ],
      [
        [
          0.9998842477798462,
          0.015189713798463345,
          0.0007966749835759401
        ],
        [
          -0.01476262602955103,
          0.9817220568656921,
          -0.18974696099758148
        ],
        [
          -0.0036643173079937696,
          0.1897132694721222,
          0.9818326830863953
        ]
      ],
      [
        [
          0.5690951347351074,
          0.805498480796814,
          -0.1652359664440155
        ],
        [
          -0.8188623785972595,
          0.5734550952911377,
          -0.024772411212325096
        ],
        [
          0.07480128109455109,
          0.14940336346626282,
          0.9859429001808167
        ]
      ],
      [
        [
          0.5864244699478149,
          -0.7855033874511719,
          0.19771382212638855
        ],
        [
          0.8048074841499329,
          0.592642605304718,
          -0.03255201131105423
        ],
        [
          -0.09160392731428146,
          0.17821085453033447,
          0.9797191619873047
        ]
      ],
      [
        [
          0.9299182891845703,
          -0.18759706616401672,
          -0.31632134318351746
        ],
        [
          0.18656738102436066,
          0.9818594455718994,
          -0.033831141889095306
        ],
        [
          0.31692975759506226,
          -0.027555055916309357,
          0.9480485320091248
        ]
      ],
      [
        [
          0.9325129389762878,
          0.16051381826400757,
          0.32350414991378784
        ],
        [
          -0.15349990129470825,
          0.987017810344696,
          -0.047261640429496765
        ],
        [
          -0.3268904983997345,
          -0.005585768725723028,
          0.9450457096099854
        ]
      ],
      [
        [
          0.9992910027503967,
          0.03720477223396301,
          0.005754000041633844
        ],
        [
          -0.03728139400482178,
          0.999208927154541,
          0.013838776387274265
        ],
        [
          -0.005234580487012863,
          -0.014043484814465046,
          0.9998875260353088
        ]
      ],
      [
        [
          0.9988710880279541,
